epoch,step,n_vis,train_loss,train_acc,train_ppl,train_te,val_loss,val_acc,val_ppl,val_te,sav_version
0,1835,0,1.7591086241140028,0.5538479223433225,6.528084690982589,0.3073998726567118,2.029387012280916,0.4739528508771932,7.800664841679332,0.32661694297342825,1
1,3670,0,1.5279786107000928,0.5950553474114427,4.785404135869165,0.2586765703344951,2.3577560964383575,0.42412280701754385,10.81512734411126,0.3174507299279262,2
2,5505,0,1.4649884274285236,0.5994661103542226,4.485879726554112,0.24777770913281882,2.453929988961471,0.4451589912280702,11.860172191510234,0.30434374000274517,3
3,7340,0,1.438197689842463,0.6023041553133504,4.367422375844009,0.2431790315787357,2.459882430026406,0.44917763157894747,11.912372887356835,0.29535798389987766,4
