epoch,step,n_vis,train_loss,train_acc,train_ppl,train_te,val_loss,val_acc,val_ppl,val_te,sav_version
0,12,0,3.2634734511375427,0.3830367476851852,63.95020280100663,0.6912502905767576,2.296575923760732,0.4768410011574074,10.00286888618621,0.5015127815311194,1
1,24,0,2.146145393451055,0.5053596402391974,8.63653869025176,0.49374756445550655,1.7907579342524211,0.5432068624614198,6.035195316255965,0.3838874789232178,2
