epoch,step,n_vis,train_loss,train_acc,train_ppl,train_te,val_loss,val_acc,val_ppl,val_te,sav_version
0,12,0,3.251017451286316,0.3796718267746914,45.45412948353263,0.7208209527465437,2.3423482179641724,0.4768410011574074,10.480917734217966,0.4946333873491838,1
1,24,0,2.148861696322759,0.5065984278549384,8.691191965423725,0.5001760088384116,1.751262605190277,0.5613040123456791,5.805568721950081,0.3551653853146306,2
