epoch,step,n_vis,train_loss,train_acc,train_ppl,train_te,val_loss,val_acc,val_ppl,val_te,sav_version
0,12,0,3.2417746583620706,0.3601122444058642,49.115716547289196,0.6692171801174389,2.4714048703511557,0.4768410011574074,11.900359249111347,0.5455393348526817,1
1,24,0,2.2828084230422974,0.4884156780478395,9.914833314263637,0.5199509884487882,1.9050828715165455,0.5292769820601851,6.763308114026269,0.3998158718981928,2
