epoch,step,n_vis,train_loss,train_acc,train_ppl,train_te,val_loss,val_acc,val_ppl,val_te,sav_version
0,1835,0,1.592363763602618,0.57625,5.512598244602907,0.28019076410624455,1.5026025966594094,0.5957620614035086,4.680687847322384,0.2533132820188186,1
1,3670,0,1.4633978769954608,0.6043571185286098,4.4901939480198605,0.24794540726751096,1.4037590880143016,0.6000657894736844,4.229954823065273,0.24078650311361127,2
2,5505,0,1.3751011622049503,0.6194652588555862,4.0930952471666435,0.23367160179420499,1.2758151600235388,0.6399122807017543,3.716217851132815,0.20732934623658558,3
