epoch,step,n_vis,train_loss,train_acc,train_ppl,train_te,val_loss,val_acc,val_ppl,val_te,sav_version
0,1835,0,1.626341647283258,0.5587368017711168,5.680879428533006,0.27725272535044904,1.53400888944927,0.5918612938596491,4.891433108424274,0.2545954002858322,1
1,3670,0,1.5094692340663733,0.5952501277247959,4.72365464359064,0.2541458364285866,1.4694916097741377,0.5788843201754388,4.575821311030778,0.2343018662885665,2
2,5505,0,1.3957198574692418,0.617137900204361,4.2092063691587285,0.23590415881600782,1.3173294556768318,0.6359882127192983,3.912646161466231,0.20184828028772608,3
3,7340,0,1.3168347866073942,0.6383431965258851,3.876834840389838,0.22280367231784648,1.282487720564792,0.6413678728070176,3.7755365515810473,0.2011490494425888,4
4,9175,0,1.2852728493207157,0.6454868443460487,3.755340329812352,0.21737974112104852,1.2819218742220024,0.6442667214912281,3.7784170785421454,0.1908825354177777,5
