epoch,step,n_vis,train_loss,train_acc,train_ppl,train_te,val_loss,val_acc,val_ppl,val_te,sav_version
0,1835,-1,0.9255438150761888,0.734456377636683,3.4171963570147414,0.2148847237635254,0.6836870616988132,0.7603082339638026,2.0196726116380392,0.16659954562045465,1
1,3670,-1,0.613740284541972,0.7840764909722782,1.886737484339733,0.15517806801592457,0.5124730070954875,0.8052700957882274,1.6902421608624165,0.10876554202389425,2
2,5505,-1,0.48287490715123005,0.8257245375327322,1.646071431144773,0.13905742080038727,0.3883563113840003,0.8528874282679444,1.486792485887967,0.12565998506019987,3
