epoch,step,n_vis,train_loss,train_acc,train_ppl,train_te,val_loss,val_acc,val_ppl,val_te,sav_version
0,1835,0,2.033350939386872,0.4525842983651226,8.627044130201504,0.34494559006529213,1.8369908583791632,0.5010639391447368,6.736451750590026,0.2972544768965149,1
1,3670,0,1.8422327726998187,0.5147892008685286,6.705664972638704,0.31015270510173276,1.8184513932780215,0.5226236979166667,6.6038614630623,0.2775254530723757,2
2,5505,0,1.7656477782966655,0.5298772245401907,6.19293237662685,0.2982604505531817,1.6710071827235975,0.5449886924342106,5.651776654638545,0.27535763996245904,3
3,7340,0,1.664946087667013,0.551426526311308,5.5585469060040555,0.2819218243583909,1.5880152677234851,0.5649688185307017,5.204847607060492,0.25218900880879735,4
4,9175,0,1.608833244353614,0.562994667489782,5.248749463322074,0.27228033639791577,1.5632416718884519,0.5764939692982456,5.061632147243772,0.23984011901715901,5
5,11010,0,1.5760708311922869,0.5697396010728882,5.103876739408123,0.2668708338245137,1.5474110973508735,0.5718458744517544,4.985813597935434,0.2399249027014077,6
6,12845,0,1.5464289593761558,0.5758525630108992,4.933080191137125,0.2623224462116309,1.5285192872348585,0.5792386239035088,4.911887510784303,0.23226681479971298,7
7,14680,0,1.5217234392581909,0.5803955743358311,4.808265075397145,0.25814944159333547,1.551126439947831,0.5741485060307018,5.0178646348400555,0.23621758586089558,8
8,16515,0,1.4969983549144028,0.5848031441587194,4.673902690063803,0.2545119925591125,1.5105135221230357,0.5779365405701754,4.80706842284306,0.24433153303868474,9
