epoch,step,n_vis,train_loss,train_acc,train_ppl,train_te,val_loss,val_acc,val_ppl,val_te,sav_version
0,125,-1,1.292148036956787,0.6836857454108678,8.368077980013414,0.29478215214233167,0.849733815743373,0.7538263376982286,2.3396683083477274,0.12741559992686274,1
1,250,-1,0.747407636642456,0.7666074030486224,2.127938450828247,0.12411341246026912,0.5112133988967309,0.8057876303442252,1.6675623268562692,0.08050264161279116,2
2,375,-1,0.49058970099687577,0.8145448227856598,1.635640982503754,0.07915149340974728,0.4166674866126134,0.8296922566257833,1.516948337248005,0.06895427426990816,3
3,500,-1,0.4226013214588165,0.8267934831675516,1.5266468425776183,0.065801492058882,0.41018619445654064,0.8240333501396672,1.5073658542925676,0.05472613327316787,4
4,625,-1,0.40923405838012694,0.8276366208360333,1.5060705876154183,0.05922235237434279,0.4092207459303049,0.8265753834715004,1.506098783296251,0.05397555738023399,5
5,750,-1,0.40087039303779604,0.8278076493349091,1.4933488456890367,0.05953765323174824,0.38400335953785825,0.8285316774391813,1.4684350533389794,0.05111045079631128,6
