epoch,step,n_vis,train_loss,train_acc,train_ppl,train_te,val_loss,val_acc,val_ppl,val_te,sav_version
0,125,0,1.0830097856521606,0.6348250000000002,6.265725886537812,0.2506683959994124,0.7990067326105558,0.6557692307692308,2.223365615798598,0.1452745107691892,1
1,250,0,0.8001669869422913,0.6576125,2.225979050988478,0.14595060808639232,0.7858274212250342,0.6554086538461538,2.1942311637070966,0.13904713424531462,2
2,375,0,0.7919980854988098,0.6572625,2.2078402184284434,0.13996917854443136,0.782054236302009,0.6550480769230771,2.1859614661487767,0.13674290331350378,3
3,500,0,0.7910679912567139,0.6565874999999999,2.2057884400978462,0.13754165342537222,0.7842536110144395,0.6539663461538462,2.1907774638147512,0.13516024444946978,4
4,625,0,0.7880298590660095,0.6575875000000002,2.1990923946395844,0.13623684507657435,0.7827642514155462,0.6606971153846153,2.1875293187729232,0.1340587793970698,5
5,750,0,0.7871203470230103,0.6582624999999996,2.1970909307539497,0.13526809824618286,0.7830682305189279,0.6552884615384615,2.188183020915898,0.13385479548743445,6
6,875,0,0.7852921772003174,0.6596374999999997,2.193073168351325,0.1347374947865041,0.7797571420669556,0.6551682692307694,2.180956675458529,0.13345818770940307,7
