epoch,step,n_vis,train_loss,train_acc,train_ppl,train_te,val_loss,val_acc,val_ppl,val_te,sav_version
0,125,-1,1.9570459270477294,0.497875,11.323748346257494,0.40227324402987863,1.7244049494083111,0.5108173076923077,5.688465109678959,0.30866118553065647,1
1,250,-1,1.7781195211410523,0.49875,5.958533029149632,0.31140008971997135,1.7442947901212251,0.4951923076923077,5.754177252237026,0.3141093032751946,1
2,375,-1,1.760146216392517,0.49925,5.866810529303827,0.3017780593581478,1.7728783900921161,0.4831730769230769,5.909386149526043,0.28121530641240616,1
3,500,-1,1.7511928672790527,0.50125,5.815591843857241,0.2973225946295225,1.7732934676683867,0.5,5.945055813591188,0.2639828263453547,1
4,625,-1,1.7584855356216431,0.493375,5.859211755913205,0.2973301063412432,1.7537198892006507,0.49278846153846156,5.795215889637547,0.2972496966722862,1
5,750,-1,1.7394218463897706,0.505125,5.743305374484897,0.2907730815320387,1.70818423307859,0.5168269230769231,5.543496659963785,0.30698427025584657,2
