Instance,CHE,CC,CTD,CTnCTR,PCS,MCTD,HRHE_i,HRC_i,HRHE_o,HRC_o,CBS
SE_certain,0.41589768623548223,1.920844327176781,0.3051598046730537,0.11620269192589937,0.11961699809408032,0.09524436444964124,0.4623465613738118,1.0857519788918206,0.40109910628547696,0.9604221635883905,0.19558632911189341
SE_end,0.42853904215836075,2.2097625329815305,0.28871825794426453,0.11375741373505109,0.11877500514358905,0.09186703442088553,0.46834776286895496,1.1398416886543536,0.3894296993409552,0.9683377308707124,0.18958039572284666
SE_random,0.43087297621256077,2.3812664907651717,0.272669864584972,0.11136313944811492,0.11407107922050413,0.08614690885877271,0.5064816535943202,1.262532981530343,0.4117632580566439,1.121372031662269,0.19240675189039508
SE_start,0.4233651397548598,2.1226912928759893,0.28072551619877495,0.10922494393347358,0.11719412797202017,0.09075624210131494,0.4481091087112855,1.0606860158311346,0.38538834779189624,0.9221635883905013,0.1891654175522972
SE_uncertain,0.4803315831991313,2.9063324538258577,0.2609819118025197,0.11351878672450602,0.11122340322061187,0.08774093020875846,0.510812405805371,1.2783641160949868,0.4207040015069189,1.1715039577836412,0.1924710714654496
