Instance,CHE,CC,CTD,CTnCTR,PCS,MCTD,HRHE_i,HRC_i,HRHE_o,HRC_o,CBS
Ground Truth,1.4078298876547815,4.9485488126649075,0.97476000462262,0.7768768216011087,0.40596160802905906,1.4139327283163206,0.4542461252858508,1.970976253298153,0.47479219683563995,2.038258575197889,0.2314299420982892
DE4_certain,1.3186413652162303,4.6345646437994725,0.9235685903185014,0.7895318322485928,0.4232320139800453,1.410702161370622,0.7299942707605029,2.7559366754617414,0.5553458757623807,2.45910290237467,0.2218655207029411
DE_certain,1.318130953156666,4.629287598944591,0.9235413382859475,0.7895425733997644,0.4234810514311703,1.410510228742387,0.7326624070265078,2.7638522427440635,0.555865768519297,2.4604221635883907,0.2220208825691729
DE_cross_certain,1.3174524411534936,4.627968337730871,0.9230568773752329,0.7899086783666487,0.42361576696432895,1.4103715358543478,0.7294534260803013,2.7559366754617414,0.5559277274638118,2.4564643799472297,0.2223570265318972
DE_no_MHself_certain,1.318578744198429,4.633245382585752,0.9233729189789971,0.790159979550589,0.42376728070472414,1.4103588185460672,0.7297558640431683,2.7546174142480213,0.5557980075561129,2.4604221635883907,0.22211780130534092
DE_no_Mself_certain,1.3167241943895456,4.624010554089709,0.9233668198602891,0.7896144313185656,0.4234536978733284,1.4104937147360344,0.7286644704246754,2.746701846965699,0.5528737555383594,2.445910290237467,0.22135888787270458
SE16_certain,1.3176480792114975,4.627968337730871,0.9237215234151793,0.7900967139191408,0.4236390823938087,1.4103104273240008,0.7286684216102964,2.7453825857519787,0.5542567909992535,2.451187335092348,0.2218514930485433
SE4_certain,1.3192016813613527,4.635883905013193,0.9230907323011072,0.789847160450561,0.4234962312408772,1.4105538623336293,0.7320485509150655,2.7638522427440635,0.5559832969846168,2.4630606860158313,0.22186897996092766
SE_certain,1.3234633872671855,4.853562005277045,0.9126487643024894,0.7933492827130667,0.3939746347371699,1.4158281242472859,0.4520346431096463,2.038258575197889,0.32542145181659493,1.8852242744063326,0.12251440406047556
