Instance,CHE,CC,CTD,CTnCTR,PCS,MCTD,HRHE_i,HRC_i,HRHE_o,HRC_o,CBS
Ground Truth,1.4078298876547815,4.9485488126649075,0.97476000462262,0.7768768216011087,0.40596160802905906,1.4139327283163206,0.4542461252858508,1.970976253298153,0.47479219683563995,2.038258575197889,0.2314299420982892
SE_certain,1.3234633872671855,4.853562005277045,0.9126487643024894,0.7933492827130667,0.3939746347371699,1.4158281242472859,0.4520346431096463,2.038258575197889,0.32542145181659493,1.8852242744063326,0.12251440406047556
SE_end,1.520246128793031,5.8311345646438,0.9524523217787784,0.7961326660015168,0.3879082105890942,1.4166137853353677,0.58647426163274,2.350923482849604,0.42344070147761764,2.1068601583113455,0.16398496130242324
SE_random,1.6075977420393632,6.311345646437995,0.9861987660200021,0.796170188028278,0.3968040435146604,1.4125295990123812,0.7234718893055501,2.7269129287598943,0.551720950281578,2.529023746701847,0.2093681103018426
SE_start,1.4521312606644008,5.440633245382585,0.9466684691266612,0.7949322183254429,0.3909721785635048,1.4160666272357965,0.5312150378772477,2.2242744063324538,0.382096165658148,1.9973614775725594,0.1488926079152965
SE_uncertain,1.740547078763661,7.158311345646438,0.9970729882816535,0.7876879104647021,0.3847899004536965,1.4177676541863493,0.8159084913209261,2.895778364116095,0.6565293926000264,2.729551451187335,0.2623949410603427
