Instance,CHE,CC,CTD,CTnCTR,PCS,MCTD,HRHE_i,HRC_i,HRHE_o,HRC_o,CBS
SE_certain,0.5133280632614233,4.320683111954459,0.2092750156597467,0.09438366665441601,0.11037778206563648,0.07707269258285655,0.3580376784874055,1.096774193548387,0.3296367047627414,0.920303605313093,0.18326214210461386
SE_end,0.43663379506741823,3.8975332068311195,0.19544544733239633,0.0901847767093432,0.10484900378385133,0.07651890186800397,0.34099946989135865,1.0626185958254268,0.29447535474944103,0.8197343453510436,0.169098384308446
SE_random,0.4007613840630237,3.7115749525616697,0.2065425752287789,0.0896278969601529,0.11119087164260814,0.07814147306260419,0.4402010929903033,1.3320683111954459,0.3233416415312426,1.159392789373814,0.15991758574006715
SE_start,0.454616025206085,4.011385199240987,0.2152232116376389,0.10149780868578061,0.11055008104514875,0.0788808929014751,0.3700147952252884,1.1157495256166983,0.32020463825647566,0.9259962049335864,0.17799641250844864
SE_uncertain,0.3852214614747081,3.7191650853889944,0.2097151249416572,0.09238774122705531,0.11008193680166371,0.07735491463497872,0.48130775199857917,1.459203036053131,0.3355034869653475,1.2277039848197344,0.15481661837506086
