Instance,CHE,CC,CTD,CTnCTR,PCS,MCTD,HRHE_i,HRC_i,HRHE_o,HRC_o,CBS
Ground Truth,2.2026594947013556,11.647058823529411,0.8207642791821913,0.8297087663219738,0.3145323540008595,1.4042449328013056,0.5093103178105957,2.0607210626185957,0.503039849637815,2.127134724857685,0.24261250638997225
DE4_certain,1.793453944538455,8.197343453510436,0.8030967533237842,0.7628481050644087,0.3796305168924692,1.4017428624104151,0.9260143936577429,3.3567362428842507,0.6971828866705329,3.0891840607210628,0.2545125703442477
DE_certain,1.7934789587111377,8.20303605313093,0.8039663866354753,0.7633176678251719,0.380007402882079,1.4016017896730706,0.9299486442938283,3.3700189753320684,0.6999500918533299,3.106261859582543,0.2548872901908705
DE_cross_certain,1.7925685479780331,8.195445920303605,0.8027370398253553,0.7630974391290017,0.3798184042078816,1.4017966476153556,0.9273274436212614,3.364326375711575,0.6965295192209159,3.0929791271347247,0.2537903768016723
DE_no_MHself_certain,1.7919640586436776,8.189753320683112,0.8045955406909822,0.7628871892891974,0.3797633142724637,1.4017195757826195,0.9276244907703945,3.3681214421252372,0.6963749357800656,3.0929791271347247,0.25385328872455437
DE_no_Mself_certain,1.7931333894011576,8.20303605313093,0.8038126707410669,0.7630459671454829,0.3796802604300505,1.401864464785589,0.9279039650260567,3.3700189753320684,0.6982677535933571,3.1024667931688805,0.254200033664316
SE16_certain,1.7935383078015719,8.201138519924099,0.8035548755563102,0.762879591389623,0.37976445099544676,1.4018590874529822,0.9267942324767531,3.364326375711575,0.6975716054597997,3.098671726755218,0.25414332007787827
SE4_certain,1.790967596360936,8.18595825426945,0.803684874917535,0.7629408842113237,0.37962364881407057,1.40178076578352,0.9264314024033061,3.3681214421252372,0.696511652164751,3.0929791271347247,0.25377281919216527
SE_certain,1.8767839917191445,8.666034155597723,0.8722739482738114,0.8001910530467139,0.38901894515186086,1.3851019235346131,0.5400799900053428,2.5351043643263758,0.35432675550497583,2.2884250474383303,0.10981587709063256
