Instance,CHE,CC,CTD,CTnCTR,PCS,MCTD,HRHE_i,HRC_i,HRHE_o,HRC_o,CBS
DE_certain,0.3740241871998991,1.712401055408971,0.2938991319695294,0.1053251680547929,0.10847622233741006,0.08581593792849364,0.5290248852083839,1.299472295514512,0.4213980493649821,1.071240105540897,0.19661617727321323
DE_cross_certain,0.3568539973309874,1.787598944591029,0.27560320342153455,0.10640871103371936,0.11396942576665396,0.08515173674908032,0.5688405292660844,1.4050131926121372,0.45136249298996395,1.270448548812665,0.2003948491170514
DE_lp_certain,0.3572857396127311,1.7757255936675462,0.2727792301394543,0.10621418761617635,0.11175195640546949,0.08386495727693323,0.5902852846853286,1.4815303430079156,0.4721458330694909,1.3073878627968338,0.20684568071955248
DE_no_MHself_certain,0.3817085823724104,1.8575197889182058,0.27165954431826966,0.10274082846739657,0.10667099485388852,0.08062958524708007,0.6372905356080784,1.6134564643799472,0.487752350360102,1.4261213720316623,0.20406903354510542
DE_no_Mself_certain,0.39400804346400253,1.7044854881266491,0.29734068262245095,0.10132969263964649,0.1114404164980815,0.08605430746377715,0.4457781492713856,1.0356200527704484,0.3767958247464382,0.920844327176781,0.18424778126676664
DE_v0_certain,0.3355074488511281,1.6992084432717678,0.2721340480633912,0.09982267447414414,0.10272478904558091,0.0797391376477216,0.5822645710236595,1.437994722955145,0.45226599601970113,1.2902374670184698,0.19573967821293276
SE_certain,0.41589768623548223,1.920844327176781,0.3051598046730537,0.11620269192589937,0.11961699809408032,0.09524436444964124,0.4623465613738118,1.0857519788918206,0.40109910628547696,0.9604221635883905,0.19558632911189341
SE_v0_certain,0.35850036779911343,2.044854881266491,0.25914446324881474,0.10067691431088713,0.10651120494899427,0.07822933960696336,0.6961720716221181,1.7480211081794195,0.5771507464516731,1.6715039577836412,0.228877003380868
