Instance,CHE,CC,CTD,CTnCTR,PCS,MCTD,HRHE_i,HRC_i,HRHE_o,HRC_o,CBS
DE_certain,0.5532992786270884,4.616698292220113,0.2320923508262563,0.11086669936504757,0.11069512112756695,0.08166373397281182,0.5561792534669115,1.5104364326375712,0.40113119377851475,1.2941176470588236,0.1769343615100485
DE_cross_certain,0.5533864310554195,4.635673624288425,0.23231753026189295,0.11099397015225257,0.11080569124286696,0.08187955170740067,0.5535280551769074,1.5028462998102468,0.4038207184000575,1.2865275142314991,0.1778185614793584
DE_lp_certain,0.5536719520060165,4.618595825426945,0.23252817719738678,0.11094185238719956,0.11018202185254244,0.08203240082824739,0.5549345126568651,1.50853889943074,0.39936483147710833,1.2827324478178368,0.17676879462789694
DE_no_MHself_certain,0.5533506634559543,4.616698292220113,0.23147083301578927,0.11092237099810111,0.11044737154591819,0.08199122138832073,0.5541184979636591,1.5104364326375712,0.4011394911471236,1.2808349146110056,0.17739656535922377
DE_no_Mself_certain,0.5532349516711014,4.622390891840607,0.23229911511374954,0.11067003984694494,0.11016084531007127,0.08185904405489138,0.5535817029218582,1.4990512333965844,0.40008004303133127,1.2827324478178368,0.17666665837334505
DE_v0_certain,0.5544686409639471,4.635673624288425,0.23282801451880772,0.11085308973456727,0.11048797908471529,0.08171887183970476,0.5555307655811731,1.5104364326375712,0.40062929989139423,1.2960151802656545,0.17704180040678882
SE_certain,0.5133280632614233,4.320683111954459,0.2092750156597467,0.09438366665441601,0.11037778206563648,0.07707269258285655,0.3580376784874055,1.096774193548387,0.3296367047627414,0.920303605313093,0.18326214210461386
SE_v0_certain,0.5542186408742943,4.626185958254269,0.2311270242468345,0.11103757146628553,0.11061165741746405,0.08200723646129304,0.5525669267830748,1.5104364326375712,0.40193576358904726,1.2922201138519924,0.177425593588327
