Instance,CHE,CC,CTD,CTnCTR,PCS,MCTD,HRHE_i,HRC_i,HRHE_o,HRC_o,CBS
DE4_certain,0.3711502859157604,1.6965699208443272,0.2947455037863259,0.10543099453173249,0.10848623335301201,0.08596026881075901,0.5277183763663729,1.2862796833773087,0.41905448071494833,1.062005277044855,0.19582846857594577
DE_certain,0.3740241871998991,1.712401055408971,0.2938991319695294,0.1053251680547929,0.10847622233741006,0.08581593792849364,0.5290248852083839,1.299472295514512,0.4213980493649821,1.071240105540897,0.19661617727321323
DE_cross_certain,0.3718501466510105,1.7031662269129288,0.2947308836812089,0.10564364273480709,0.10850909282974294,0.08591952592896072,0.5274055289474477,1.29155672823219,0.4186994843613795,1.062005277044855,0.19575899760567705
DE_no_MHself_certain,0.37331174114220916,1.7163588390501319,0.2943233392111671,0.10563822561678611,0.10899765664876639,0.08601552142845746,0.5285801705629876,1.2902374670184698,0.4193388286724346,1.0686015831134565,0.19561925965796223
DE_no_Mself_certain,0.3728791855883381,1.7071240105540897,0.2934457135345131,0.10544653067052148,0.10855797684230524,0.08568332653568875,0.5280475708322883,1.2849604221635884,0.41858117898291497,1.062005277044855,0.19566286682468667
SE16_certain,0.3724254829168159,1.7110817941952507,0.29419091767477645,0.10572925495572622,0.10890871647474178,0.0859809099339709,0.5259754419104372,1.2836411609498681,0.4171276928482052,1.0593667546174141,0.19538832956067723
SE4_certain,0.37199437548325937,1.7058047493403694,0.2942338194101165,0.10594402239468091,0.10884976823879132,0.08615243477059195,0.5287545281804995,1.2968337730870712,0.4195181822365668,1.0686015831134565,0.19562081543917362
SE_certain,0.41589768623548223,1.920844327176781,0.3051598046730537,0.11620269192589937,0.11961699809408032,0.09524436444964124,0.4623465613738118,1.0857519788918206,0.40109910628547696,0.9604221635883905,0.19558632911189341
