Instance,CHE,CC,CTD,CTnCTR,PCS,MCTD,HRHE_i,HRC_i,HRHE_o,HRC_o,CBS
DE4_certain,0.553527748062006,4.626185958254269,0.23164544183614197,0.11063877282700833,0.11037020922511408,0.08163035933861897,0.556651217829951,1.5047438330170777,0.40322219498198353,1.284629981024668,0.1778342669300384
DE_certain,0.5532992786270884,4.616698292220113,0.2320923508262563,0.11086669936504757,0.11069512112756695,0.08166373397281182,0.5561792534669115,1.5104364326375712,0.40113119377851475,1.2941176470588236,0.1769343615100485
DE_cross_certain,0.5531453025253598,4.616698292220113,0.23210921173880725,0.11090724151396053,0.11063311995186467,0.08200887111402164,0.5559419607069344,1.5123339658444024,0.4001967571068627,1.2770398481973435,0.17741965329160775
DE_no_MHself_certain,0.5526953200579034,4.614800759013283,0.2324272963477725,0.11111865814810054,0.11041276685869567,0.08181099730653987,0.5532817012298109,1.5123339658444024,0.4019431769240724,1.28842504743833,0.17725224590175562
DE_no_Mself_certain,0.5536334885868469,4.631878557874763,0.23242522769137586,0.11094186732703595,0.11051793722275906,0.08178347097294211,0.5561936767524648,1.5256166982922201,0.3997610828866242,1.2979127134724857,0.17642689703275646
SE16_certain,0.5532841123590658,4.629981024667932,0.23213301336446804,0.11072429730300955,0.11037454379128663,0.08158778399367987,0.5560200384863743,1.5161290322580645,0.4025407639527635,1.2941176470588236,0.17700890421664928
SE4_certain,0.5546140421441296,4.622390891840607,0.23122380672895215,0.11084313128408914,0.11064183374016132,0.08176676536933197,0.557398904480937,1.5199240986717268,0.4025670492364997,1.28842504743833,0.17724534928959432
SE_certain,0.5133280632614233,4.320683111954459,0.2092750156597467,0.09438366665441601,0.11037778206563648,0.07707269258285655,0.3580376784874055,1.096774193548387,0.3296367047627414,0.920303605313093,0.18326214210461386
