Instance,CHE,CC,CTD,CTnCTR,PCS,MCTD,HRHE_i,HRC_i,HRHE_o,HRC_o,CBS
Ground Truth,2.2026594947013556,11.647058823529411,0.8207642791821913,0.8297087663219738,0.3145323540008595,1.4042449328013056,0.5093103178105957,2.0607210626185957,0.503039849637815,2.127134724857685,0.24261250638997225
SE_certain,1.8767839917191445,8.666034155597723,0.8722739482738114,0.8001910530467139,0.38901894515186086,1.3851019235346131,0.5400799900053428,2.5351043643263758,0.35432675550497583,2.2884250474383303,0.10981587709063256
SE_end,2.0551116411236237,9.86337760910816,0.8978496588282413,0.8050538818284484,0.3862719277993752,1.3806956034633953,0.6423654336194079,2.7514231499051234,0.4194420420413148,2.4003795066413662,0.1381416109039907
SE_random,2.1456547375922197,10.705882352941176,0.9465558909168832,0.8046700509291711,0.3947977053923558,1.3782008173465388,0.8396783024962541,3.218216318785579,0.602365708661662,3.01707779886148,0.20059047275733927
SE_start,2.004701914106816,9.518026565464895,0.9114780835720713,0.7872347304795362,0.39238081056477353,1.3859624915414024,0.6047974912960914,2.6907020872865277,0.3938679754324919,2.3927893738140416,0.12519421969142608
SE_uncertain,2.265086397141144,11.889943074003796,0.9767163632193534,0.8021249406463227,0.3934763286519095,1.3809795506950109,0.9283074327338502,3.379506641366224,0.6822759318908762,3.1347248576850095,0.23991092742955297
