Instance,CHE,CC,CTD,CTnCTR,PCS,MCTD,HRHE_i,HRC_i,HRHE_o,HRC_o,CBS
Ground Truth,2.2026594947013556,11.647058823529411,0.8207642791821913,0.8297087663219738,0.3145323540008595,1.4042449328013056,0.5093103178105957,2.0607210626185957,0.503039849637815,2.127134724857685,0.24261250638997225
DE_certain,1.7934789587111377,8.20303605313093,0.8039663866354753,0.7633176678251719,0.380007402882079,1.4016017896730706,0.9299486442938283,3.3700189753320684,0.6999500918533299,3.106261859582543,0.2548872901908705
DE_cross_certain,1.7923986576882935,8.18785578747628,0.8039761020004765,0.7629631541656584,0.3801087048613637,1.4018012169214609,0.9227623800530221,3.351043643263757,0.6961225546872072,3.091081593927894,0.25389710985701536
DE_lp_certain,1.7932920235009826,8.208728652751423,0.8035610482204809,0.7628429287684116,0.37959765521111605,1.4016163934842107,0.9231617971024252,3.3529411764705883,0.6948070229257862,3.091081593927894,0.25319272930061787
DE_no_MHself_certain,1.7924816238171426,8.195445920303605,0.8040295031631505,0.7630949816097813,0.38004818416742336,1.4015982228690815,0.9263260230595334,3.366223908918406,0.6964261926778008,3.0853889943074004,0.254349056067165
DE_no_Mself_certain,1.7931872559582718,8.193548387096774,0.8029828443818525,0.7626345369227364,0.3795435642451903,1.4016238860741643,0.9252864911114397,3.3548387096774195,0.6974400719006087,3.094876660341556,0.2543387329778558
DE_v0_certain,1.7919208635058772,8.18785578747628,0.8029947284560337,0.7630751834791932,0.3799845887269789,1.4014657065288207,0.9274889064931753,3.366223908918406,0.6966352891695284,3.1005692599620494,0.25346387777942964
SE_certain,1.8767839917191445,8.666034155597723,0.8722739482738114,0.8001910530467139,0.38901894515186086,1.3851019235346131,0.5400799900053428,2.5351043643263758,0.35432675550497583,2.2884250474383303,0.10981587709063256
SE_v0_certain,1.7918821023327116,8.18595825426945,0.8029701974860404,0.7629701226629482,0.37938649030979765,1.402197444801836,0.9275583126432402,3.3700189753320684,0.6971404978294791,3.1043643263757117,0.2537444334140786
