Instance,CHE,CC,CTD,CTnCTR,PCS,MCTD,HRHE_i,HRC_i,HRHE_o,HRC_o,CBS
Ground Truth,1.4078298876547815,4.9485488126649075,0.97476000462262,0.7768768216011087,0.40596160802905906,1.4139327283163206,0.4542461252858508,1.970976253298153,0.47479219683563995,2.038258575197889,0.2314299420982892
DE_certain,1.318130953156666,4.629287598944591,0.9235413382859475,0.7895425733997644,0.4234810514311703,1.410510228742387,0.7326624070265078,2.7638522427440635,0.555865768519297,2.4604221635883907,0.2220208825691729
DE_cross_certain,1.4295270173962673,5.33509234828496,0.9546996679807258,0.8005698099589541,0.4264487812225644,1.4065420419001669,0.8820744522540155,3.1068601583113455,0.7278340603976368,2.965699208443272,0.2871140297648475
DE_lp_certain,1.4133437180718325,5.191292875989446,0.9719814073651049,0.7913154684934222,0.41829692832912685,1.4120034547950018,0.9064054192038412,3.1728232189973613,0.7450283151607241,2.978891820580475,0.29961206120839756
DE_no_MHself_certain,1.3928256080934853,5.325857519788919,0.948411288592466,0.8055752771038671,0.4348964222561647,1.404609427569144,0.9980195265581236,3.4023746701846966,0.8031507197496486,3.2058047493403694,0.30932359603510806
DE_no_Mself_certain,1.2017266139404943,4.077836411609499,0.9546528442770605,0.7919532487481757,0.4216535566164819,1.411716489263277,0.44916891905947415,2.08311345646438,0.32925376412604335,1.895778364116095,0.12630877574092073
DE_v0_certain,1.4142850309178392,5.29155672823219,0.9594718866974336,0.7980645972356443,0.42880714582767476,1.4048648731843307,0.8867409429307637,3.1160949868073877,0.7365726796541858,2.9854881266490767,0.29284374239350797
SE_certain,1.3234633872671855,4.853562005277045,0.9126487643024894,0.7933492827130667,0.3939746347371699,1.4158281242472859,0.4520346431096463,2.038258575197889,0.32542145181659493,1.8852242744063326,0.12251440406047556
SE_v0_certain,1.5219321387666433,5.935356200527704,0.9740990842381559,0.7999004961613082,0.43449878463312397,1.404476401279448,1.0972368248392317,3.62401055408971,0.9811414895988861,3.609498680738786,0.38688505994493844
