epoch,step,n_vis,train_loss,train_acc,train_ppl,train_te,val_loss,val_acc,val_ppl,val_te,sav_version
0,1835,-1,0.9176690268094273,0.7543885546311224,3.3650033405559565,0.15516215794778582,0.6495420766504187,0.8038427305024453,1.9874159921292869,0.08187005595515198,1
1,3670,-1,0.6189233542016481,0.8066099847522183,1.8984553500407504,0.09805115941658048,0.5901620345680337,0.8039026667723065,1.8387457979215227,0.08349238243050354,2
2,5505,-1,0.5739072350536445,0.8161328382403664,1.8118457702893518,0.09210835372406878,0.5399420804099033,0.8133079353757983,1.7497230836008435,0.07740638036794548,3
3,7340,-1,0.5456898702628281,0.8223789855363685,1.7575858391235155,0.09014221376454964,0.48730488717556,0.834964309523292,1.658694568553007,0.0732005166852455,4
4,9175,-1,0.4953961660491673,0.8328475930500014,1.663260232068087,0.08186931211108592,0.42289118751099236,0.8579249824387399,1.5435041388800557,0.07023048106269017,5
5,11010,-1,0.4733408220335638,0.8442567570487243,1.6285463623931244,0.07987095369631662,0.41318165557949166,0.8690030002168877,1.5372234559977402,0.07136078395335532,6
