epoch,step,n_vis,train_loss,train_acc,train_ppl,train_te,val_loss,val_acc,val_ppl,val_te,sav_version
0,1835,0,1.5721399176348132,0.5778116485013629,5.3926688501445215,0.26918892230690666,1.4749205388520894,0.6046874999999999,4.559842960092021,0.2305227336264534,1
1,3670,0,1.4419985700043412,0.6077912125340601,4.396733455989016,0.24301695724143055,1.3244201823284751,0.6302631578947369,3.8996980124658966,0.21749090187767625,2
2,5505,0,1.3293677647691982,0.6353397479564031,3.9152791087503687,0.22457608478414742,1.2801775894666974,0.6417160087719299,3.7430812488762983,0.19367119793106688,3
3,7340,0,1.284073249520658,0.6466016689373308,3.7291446115744358,0.21689392079214423,1.2434289311107836,0.652094298245614,3.5933358045378756,0.19295898381867765,4
