epoch,step,n_vis,train_loss,train_acc,train_ppl,train_te,val_loss,val_acc,val_ppl,val_te,sav_version
0,1835,-1,2.158234139229361,0.4114100817438692,9.561690385997297,0.3685446669175549,1.649520572863127,0.5166118421052631,5.500406160557959,0.27738581240669674,1
1,3670,-1,1.4344580530145838,0.5681369209809264,4.429180595841932,0.24395554661287244,1.290479998839529,0.5910087719298246,3.814372378971622,0.20186763513637407,2
2,5505,-1,1.30356955570486,0.5898756811989101,3.8627727054654395,0.2209116028537939,1.2125599246276053,0.6139802631578948,3.521198672284306,0.18748535155425486,3
3,7340,-1,1.2544883264995077,0.5973348092643052,3.6691888961426256,0.21252128158859085,1.1817701349132939,0.6029605263157894,3.407989718758494,0.1959093129898942,4
4,9175,-1,1.2207206670205015,0.5990888964577656,3.5474554211989937,0.20696475219865826,1.1723346559624923,0.5962719298245615,3.3642262140934593,0.1824236892925646,5
5,11010,-1,1.1791037640389694,0.603516689373297,3.3958907144832904,0.2002596114139916,1.118797194957733,0.6078399122807018,3.1755886235049915,0.18276223013762155,6
