epoch,step,n_vis,train_loss,train_acc,train_ppl,train_te,val_loss,val_acc,val_ppl,val_te,sav_version
0,1835,-1,0.8278865635313845,0.770093197819012,3.0191871845038243,0.17508746634356612,0.5634021802952415,0.8049687436902995,1.795694648710406,0.08865979889407383,1
1,3670,-1,0.5344696697568374,0.8166914058506839,1.7377266071113717,0.11289887347341665,0.4509201601931923,0.8352726492241658,1.5916662968008957,0.08418501399493503,2
2,5505,-1,0.4410589620795822,0.8419736649341711,1.5753149781833367,0.10099521421416477,0.3495266533211658,0.8719686321065493,1.4336432568413089,0.06982396547490427,3
3,7340,-1,0.3630431366470269,0.8733409248754714,1.4543956771893671,0.09307348718866428,0.28953775881152405,0.9014567198855132,1.3502114608485247,0.07416028505005949,4
4,9175,-1,0.30207228576536077,0.8970848063981254,1.3666294109236385,0.0857044231612404,0.28334170426977306,0.8928954158914426,1.3395484314627129,0.07483361101614075,5
5,11010,-1,0.2738592290829573,0.9078999909525205,1.3291588189297567,0.08248118136340252,0.1937719022364993,0.9323432042947626,1.2180050810366954,0.060393121395304054,6
6,12845,-1,0.25563469027912583,0.9138731101549535,1.3028772225948309,0.08005362520075333,0.20617655766637702,0.929129654739486,1.2343047765058315,0.06162975999315205,6
7,14680,-1,0.24105570695847678,0.9192985037129547,1.2850337508357468,0.08001721087988951,0.22849075539331687,0.9242347843693975,1.2740211303086475,0.06843410123879387,6
8,16515,-1,0.22182773884274168,0.9253282852481439,1.2586630939079428,0.0768265755921226,0.1821046657860279,0.935908460338146,1.2042308909032264,0.06268023133553687,7
