epoch,step,n_vis,train_loss,train_acc,train_ppl,train_te,val_loss,val_acc,val_ppl,val_te,sav_version
0,1835,0,1.6304440043277897,0.5527673705722076,5.6659155845686895,0.2780760340799204,1.55718102957073,0.5430921052631578,5.036590832450843,0.24376623352770088,1
1,3670,0,1.5334938819142063,0.5824759451634879,4.858512320490943,0.25819903572694125,1.4884206545980354,0.6092146381578945,4.687048943006505,0.23407368884375743,2
2,5505,0,1.4964553480252258,0.6053193119891008,4.6727206203149105,0.2525776838847657,1.4845081235233106,0.605830592105263,4.658850387552999,0.23231301528216738,3
3,7340,0,1.477252339114935,0.6070346559945506,4.577493541739471,0.24994499807249398,1.4380715639967667,0.6033908991228067,4.435886994836851,0.2243136505147315,4
4,9175,0,1.4008112888245232,0.6183212704359674,4.227337242549778,0.23749593769203078,1.3394346638729697,0.6314734100877194,3.99641196212734,0.2112425087334479,5
5,11010,0,1.3330885534390442,0.6375862142370565,3.9421068358579623,0.22588450965336707,1.2968418014676948,0.6445216557017546,3.823173923791034,0.209571514409778,6
6,12845,0,1.2948933469502089,0.6458832169618524,3.785559341639098,0.21941163722279483,1.2714266394314013,0.6491872258771932,3.7332428934726636,0.20436480342939675,7
