epoch,step,n_vis,train_loss,train_acc,train_ppl,train_te,val_loss,val_acc,val_ppl,val_te,sav_version
0,1835,-1,1.0805500663268794,0.7082166516090392,3.8765568831408554,0.2772069892769833,0.803287839262109,0.7442773792394503,2.3196839120760258,0.20619542737423682,1
1,3670,-1,0.801946073088399,0.7518569377147272,2.3227216664304224,0.2199550472267377,0.7744805784601915,0.7565257443997992,2.228628579963447,0.18210952527126842,2
2,5505,-1,0.749759236311068,0.7618407278817522,2.187500089239394,0.21036879644877268,0.6810762866547233,0.7790524123169148,2.053023468699947,0.1769597916272479,3
3,7340,-1,0.7064622632326807,0.7725275575105478,2.083018870474078,0.2055026639231152,0.7808432958628002,0.7532238146248846,2.286118835950821,0.1885231300580241,3
4,9175,-1,0.6758928471511326,0.784851830071769,2.022656585161093,0.2009083646265775,0.6217747911026603,0.8004497598491807,1.9084062758483753,0.1706967160434601,4
5,11010,-1,0.6257474355379308,0.8037784503317564,1.919619382940816,0.19684808799523476,0.5368262427417856,0.8474654577645381,1.7623044184748877,0.15266356949688067,5
