epoch,step,n_vis,train_loss,train_acc,train_ppl,train_te,val_loss,val_acc,val_ppl,val_te,sav_version
0,459,0,1.6253600159501718,0.5794533708545144,6.397619464560625,0.29505851956877455,1.4441663324832916,0.603963955965909,4.286688445752131,0.23785952600199964,1
1,918,0,1.4411048876174395,0.6028444421750176,4.260053367867679,0.24744698086942815,1.3719667345285416,0.6106208570075756,3.98445216644506,0.2308011239902985,2
