epoch,step,n_vis,train_loss,train_acc,train_ppl,train_te,val_loss,val_acc,val_ppl,val_te,sav_version
0,459,0,1.6150335289034707,0.5811458900689905,6.351197984408169,0.2923653818538354,1.447469025850296,0.607034209280303,4.301361629447081,0.2326956715507953,1
1,918,0,1.4422058833190818,0.6018841911764706,4.266935696276403,0.24731014867328613,1.4013166973988216,0.6069158380681818,4.1040234706429635,0.21279017337418196,2
