epoch,step,n_vis,train_loss,train_acc,train_ppl,train_te,val_loss,val_acc,val_ppl,val_te,sav_version
0,459,0,1.6219154308044832,0.5771885779774872,6.367132902443821,0.29352440516305683,1.4769897560278575,0.5877500591856061,4.43196254012484,0.22990737355759952,1
1,918,0,1.4336929482312504,0.6035794526143785,4.229919187190195,0.24623908372895364,1.375132034222285,0.6074514678030304,3.9991402234312043,0.21507218182290644,2
2,1377,0,1.3843358383718918,0.6122498903110624,4.02399815019519,0.23607214761088727,1.3082937349875767,0.6291385535037878,3.7377451835607327,0.2218637380985482,3
3,1836,0,1.3124190920838084,0.6367112798051322,3.746958980348512,0.22414637139605692,1.2495885739723842,0.6494406960227271,3.5272548908993095,0.194584254313904,4
4,2295,0,1.2735617808786612,0.6479083454369402,3.6030097484967127,0.216886044109522,1.2319930493831635,0.6576956084280304,3.4692272877197454,0.18959806327659512,5
