epoch,step,n_vis,train_loss,train_acc,train_ppl,train_te,val_loss,val_acc,val_ppl,val_te,sav_version
0,1835,0,1.6011753653310625,0.5796960149863769,5.656152081408968,0.2812407557420905,1.4843549364491513,0.5997423245614034,4.586792346862631,0.2496503919094307,1
1,3670,0,1.4598789172536346,0.6022692438692094,4.482489323380335,0.24763266686365557,1.4114406008469431,0.6063377192982454,4.271235208283877,0.22947373412736952,2
2,5505,0,1.421511332508004,0.6061869891008187,4.304925504782441,0.24025971663977413,1.3895395398139954,0.6050548245614036,4.173038937842334,0.23161541436267843,3
3,7340,0,1.4020824878352214,0.6092992166212539,4.20703480608536,0.23694429690315383,1.375084435939789,0.610800438596491,4.1124064781318665,0.22486442585365424,4
